user_id,name,password,dob,pan,email
U000000001,Alice Johnson,passAlice123,1990-05-12,ABCDE1234F,alice.johnson@example.com
U000000002,Bob Smith,passBob123,1985-07-22,BCDEF2345G,bob.smith@example.com
U000000003,Charlie Brown,passCharlie123,1992-11-02,CDEFG3456H,charlie.brown@example.com
U000000004,Diana Prince,passDiana123,1988-03-30,DEFGH4567I,diana.prince@example.com
U000000005,Ethan Hunt,passEthan123,1980-01-15,EFGHI5678J,ethan.hunt@example.com
U000000006,Fiona Gallagher,passFiona123,1995-12-10,FGHIJ6789K,fiona.g@example.com
U000000007,George Martin,passGeorge123,1983-04-25,GHIJK7890L,george.m@example.com
U000000008,Hannah Lee,passHannah123,1991-06-18,HIJKL8901M,hannah.l@example.com
U000000009,Ian Wright,passIan123,1987-09-05,IJKLM9012N,ian.w@example.com
U000000010,Julia Roberts,passJulia123,1984-02-14,JKLMN0123O,julia.r@example.com
U000000011,Kevin Hart,passKevin123,1989-08-20,KLMNO1234P,kevin.h@example.com
U000000012,Laura Croft,passLaura123,1993-10-11,LMNOP2345Q,laura.c@example.com
U000000013,Michael Jordan,passMichael123,1975-02-17,MNOPQ3456R,mjordan@example.com
U000000014,Nancy Drew,passNancy123,1996-03-05,NOPQR4567S,nancy.d@example.com
U000000015,Oscar Wilde,passOscar123,1982-07-09,OPQRS5678T,oscar.w@example.com
U000000016,Paul Walker,passPaul123,1981-09-12,PQRST6789U,paul.w@example.com
U000000017,Quincy Adams,passQuincy123,1990-11-21,QRSTU7890V,quincy.a@example.com
U000000018,Rachel Green,passRachel123,1994-01-07,RSTUV8901W,rachel.g@example.com
U000000019,Steve Rogers,passSteve123,1985-12-25,STUVW9012X,steve.r@example.com
U000000020,Tina Fey,passTina123,1983-05-08,TUVWX0123Y,tina.f@example.com
U000000021,Uma Thurman,passUma123,1979-04-29,UVWXY1234Z,uma.t@example.com
U000000022,Victor Hugo,passVictor123,1978-06-06,VWXYZ2345A,victor.h@example.com
U000000023,Wendy Williams,passWendy123,1986-08-13,WXYZA3456B,wendy.w@example.com
U000000024,Xander Cage,passXander123,1982-10-22,XYZAB4567C,xander.c@example.com
U000000025,Yara Shahidi,passYara123,1999-02-01,YZABC5678D,yara.s@example.com
U000000026,Zack Morris,passZack123,1984-12-19,ZABCD6789E,zack.m@example.com
U000000027,Aaron Paul,passAaron123,1979-08-27,ABCDE7890F,aaron.p@example.com
U000000028,Betty White,passBetty123,1922-01-17,BCDEF8901G,betty.w@example.com
U000000029,Carl Sagan,passCarl123,1934-11-09,CDEFG9012H,carl.s@example.com
U000000030,Dana Scully,passDana123,1964-02-23,DEFGH0123I,dana.s@example.com
